{
	"Calibration": {
		"Dynamic": {
			"CalibrationHistory": [
				{
					"Epipolar": 0.001402387744747102,
					"Time": 0
				}
			],
			"Stereo": {
				"Angle": {
					"Epipolar": 0.001402387744747102,
					"OpticalAxis": 0,
					"Vergence": 0.000534425431396812
				},
				"DisparityMapOffset": 0,
				"Left": {
					"Camera": [
						[
							1465.2501220703125,
							0,
							0
						],
						[
							0,
							1465.2501220703125,
							0
						],
						[
							509.091339111328125,
							512.0567626953125,
							1
						]
					],
					"ForcedRawImageSize": [
						2147483647,
						2147483647
					],
					"ForcedRectifiedImageSize": [
						2147483647,
						2147483647
					],
					"RawAoiIncrements": {
						"Height": 1,
						"Left": 1,
						"Top": 1,
						"Width": 1
					},
					"RectifiedAoiIncrements": {
						"Height": 1,
						"Left": 1,
						"Top": 1,
						"Width": 1
					},
					"Rotation": [
						[
							0.998116864041327601,
							-0.000316332856251517,
							-0.06134024494432553
						],
						[
							-0.000103776758620029,
							0.999976563667877905,
							-0.006845534702786512
						],
						[
							0.06134097282151766,
							0.006839009322024634,
							0.9980934390150068
						]
					]
				},
				"Reprojection": [
					[
						1,
						0,
						0,
						0
					],
					[
						0,
						1,
						0,
						0
					],
					[
						0,
						0,
						0,
						0.009868701929730125
					],
					[
						-509.091339111328125,
						-512.0567626953125,
						1465.2501220703125,
						2.504842975689772544
					]
				],
				"Right": {
					"Camera": [
						[
							1465.2501220703125,
							0,
							0
						],
						[
							0,
							1465.2501220703125,
							0
						],
						[
							762.908203125,
							512.0567626953125,
							1
						]
					],
					"ForcedRawImageSize": [
						2147483647,
						2147483647
					],
					"ForcedRectifiedImageSize": [
						2147483647,
						2147483647
					],
					"RawAoiIncrements": {
						"Height": 1,
						"Left": 1,
						"Top": 1,
						"Width": 1
					},
					"RectifiedAoiIncrements": {
						"Height": 1,
						"Left": 1,
						"Top": 1,
						"Width": 1
					},
					"Rotation": [
						[
							0.997684390260618059,
							-0.001087459438945211,
							0.068004962041509978
						],
						[
							0.000623373392937366,
							0.999976377416642692,
							0.006845145308990597
						],
						[
							-0.068010799406502634,
							-0.00678690213992122,
							0.997661500271225132
						]
					]
				}
			}
		},
		"Monocular": {
			"Left": {
				"BinningShift": [
					-11,
					1
				],
				"Camera": [
					[
						1534.9486083984375,
						0,
						0
					],
					[
						0,
						1535.6593017578125,
						0
					],
					[
						623.82794189453125,
						509.789886474609375,
						1
					]
				],
				"Distortion": {
					"K1": -0.551218628883361816,
					"K2": 0.195808827877044678,
					"K3": 0.028835399076342583,
					"Rx": 0,
					"Ry": 0,
					"T1": -0.000509203877300024,
					"T2": 0.001725482637993991
				},
				"Resolution": [
					1280,
					1024
				]
			},
			"Right": {
				"BinningShift": [
					13,
					1
				],
				"Camera": [
					[
						1532.041259765625,
						0,
						0
					],
					[
						0,
						1532.83544921875,
						0
					],
					[
						641.37017822265625,
						515.1654052734375,
						1
					]
				],
				"Distortion": {
					"K1": -0.552568495273590088,
					"K2": 0.220993459224700928,
					"K3": -0.024915615096688271,
					"Rx": 0,
					"Ry": 0,
					"T1": 0.000351419701473787,
					"T2": -0.001564378384500742
				},
				"Resolution": [
					1280,
					1024
				]
			}
		},
		"Stereo": {
			"Angle": {
				"Epipolar": -0.010886288671505326,
				"OpticalAxis": 0.000763675841541202,
				"Vergence": 0.130506996418431331
			},
			"Baseline": 101.330449244538741027,
			"Left": {
				"Camera": [
					[
						1465.2501220703125,
						0,
						0
					],
					[
						0,
						1465.2501220703125,
						0
					],
					[
						509.091339111328125,
						512.0567626953125,
						1
					]
				],
				"Rotation": [
					[
						0.998083939611903448,
						-0.000229935739619853,
						-0.061874038322529801
					],
					[
						-0.000107060443278546,
						0.99998518039689599,
						-0.005443117181263165
					],
					[
						0.061874372941014333,
						0.005439312102014622,
						0.998069123787031609
					]
				]
			},
			"Reprojection": [
				[
					1,
					0,
					0,
					0
				],
				[
					0,
					1,
					0,
					0
				],
				[
					0,
					0,
					0,
					0.009868701929730125
				],
				[
					-509.091339111328125,
					-512.0567626953125,
					1465.2501220703125,
					2.504842975689772544
				]
			],
			"Right": {
				"Camera": [
					[
						1465.2501220703125,
						0,
						0
					],
					[
						0,
						1465.2501220703125,
						0
					],
					[
						762.908203125,
						512.0567626953125,
						1
					]
				],
				"Rotation": [
					[
						0.997647903811011982,
						-0.00099171521202231,
						0.068539598207401284
					],
					[
						0.000620089812470068,
						0.999984993872252259,
						0.005443116656489677
					],
					[
						-0.068543967715023843,
						-0.005387813215946529,
						0.997633547931619957
					]
				]
			}
		}
	},
	"EepromFormat": {
		"Calibration": {
			"Current": 6,
			"Latest": 11
		}
	},
	"EepromId": 2,
	"HardwareRevision": {
		"Projector": 2
	},
	"Images": {
		"DisparityMap": null,
		"Normals": null,
		"PointMap": null,
		"Raw": {
			"Left": null,
			"Right": null
		},
		"Rectified": {
			"Left": null,
			"Right": null
		},
		"RectifiedTexture": {
			"Left": null,
			"Right": null
		},
		"WithOverlay": {
			"Left": null,
			"Right": null
		}
	},
	"Link": {
		"Rotation": {
			"Angle": 1.705084319760176825,
			"Axis": [
				0.865753419280654302,
				-0.354390398195034872,
				0.35338146905436385
			]
		},
		"Target": "Hand",
		"Translation": [
			33.186634063720703125,
			87.5386505126953125,
			-96.9450531005859375
		]
	},
	"ModelName": "N35-804-16-IR",
	"Parameters": {
		"Capture": {
			"AutoBlackLevel": true,
			"AutoExposure": true,
			"AutoGain": true,
			"Binning": 1,
			"BlackLevelOffset": 0.5,
			"BlackLevelOffsetCalibration": {
				"Left": 0,
				"Right": 0
			},
			"Exposure": 4.999719298245613786,
			"FlashDelay": -0.050000000000000003,
			"FlexView": 4,
			"FrontLight": false,
			"Gain": 1,
			"GainBoost": false,
			"HardwareGamma": true,
			"Hdr": false,
			"ImageBuffer": {
				"Count": 0,
				"OverflowPolicy": "DiscardOld",
				"Size": 1
			},
			"MaxAutoExposureAndGainAdjustment": 0,
			"MaxFlashTime": 10,
			"MaxGain": 4,
			"Mode": "Raw",
			"MultiExposureFactor": 1,
			"PixelClock": 43,
			"Projector": true,
			"ProjectorMinimumDutyCycle": 0.050000000000000003,
			"TargetBrightness": 80,
			"TriggerDelay": 0,
			"TriggerMode": "Software",
			"Triggered": false,
			"UseDisparityMapAreaOfInterest": false,
			"UseRecalibrator": true,
			"WaitForRecalibration": true
		},
		"DisparityMap": {
			"AreaOfInterest": {
				"FullWidth": true,
				"LeftTop": [
					0,
					0
				],
				"Raw": {
					"Left": {
						"ImageOffset": [
							0,
							0
						],
						"LeftTop": [
							0,
							0
						],
						"RightBottom": [
							1279,
							1023
						]
					},
					"Right": {
						"ImageOffset": [
							0,
							0
						],
						"LeftTop": [
							0,
							0
						],
						"RightBottom": [
							1279,
							1023
						]
					}
				},
				"RightBottom": [
					1279,
					1023
				]
			},
			"ClipToAreaOfInterest": false,
			"Downsample": [
				1,
				1
			],
			"MeasurementVolume": {
				"Far": {
					"DisparityStep": 4.099181881734012656,
					"LeftBottom": [
						-271.055612260135035285,
						272.041618817466599012,
						780.143440753279605815
					],
					"LeftTop": [
						-271.055612260135035285,
						-272.634493383060146243,
						780.143440753279605815
					],
					"PixelSize": 0.532430217204815981,